,location,age,number_people
3,European Union - 28 countries,18,5466860.0
4,European Union - 28 countries,19,5465394.0
5,European Union - 28 countries,20,5551222.0
6,European Union - 28 countries,21,5656744.0
7,European Union - 28 countries,22,5740663.0
8,European Union - 28 countries,23,5782370.0
9,European Union - 28 countries,24,5910697.0
10,European Union - 28 countries,25,6045948.0
11,European Union - 28 countries,26,6223799.0
12,European Union - 28 countries,27,6363169.0
13,European Union - 28 countries,28,6529362.0
14,European Union - 28 countries,29,6519926.0
15,European Union - 28 countries,30,6603822.0
16,European Union - 28 countries,31,6548938.0
17,European Union - 28 countries,32,6581197.0
18,European Union - 28 countries,33,6606834.0
19,European Union - 28 countries,34,6646107.0
20,European Union - 28 countries,35,6666171.0
21,European Union - 28 countries,36,6826047.0
22,European Union - 28 countries,37,6884150.0
23,European Union - 28 countries,38,7016241.0
24,European Union - 28 countries,39,6971167.0
25,European Union - 28 countries,40,6963748.0
26,European Union - 28 countries,41,6989501.0
27,European Union - 28 countries,42,7030900.0
28,European Union - 28 countries,43,7074143.0
29,European Union - 28 countries,44,7173806.0
30,European Union - 28 countries,45,7113119.0
31,European Union - 28 countries,46,7253356.0
32,European Union - 28 countries,47,7366102.0
33,European Union - 28 countries,48,7371062.0
34,European Union - 28 countries,49,7468432.0
35,European Union - 28 countries,50,7534914.0
36,European Union - 28 countries,51,7561931.0
37,European Union - 28 countries,52,7428970.0
38,European Union - 28 countries,53,7435254.0
39,European Union - 28 countries,54,7510485.0
40,European Union - 28 countries,55,7344722.0
41,European Union - 28 countries,56,7148926.0
42,European Union - 28 countries,57,7083654.0
43,European Union - 28 countries,58,6987211.0
44,European Union - 28 countries,59,6878760.0
45,European Union - 28 countries,60,6722713.0
46,European Union - 28 countries,61,6638980.0
47,European Union - 28 countries,62,6510616.0
48,European Union - 28 countries,63,6384437.0
49,European Union - 28 countries,64,6218797.0
50,European Union - 28 countries,65,6038621.0
51,European Union - 28 countries,66,5967595.0
52,European Union - 28 countries,67,5800475.0
53,European Union - 28 countries,68,5810355.0
54,European Union - 28 countries,69,5722569.0
55,European Union - 28 countries,70,5615070.0
56,European Union - 28 countries,71,5423581.0
57,European Union - 28 countries,72,5075083.0
58,European Union - 28 countries,73,4238025.0
59,European Union - 28 countries,74,4359797.0
60,European Union - 28 countries,75,4194883.0
61,European Union - 28 countries,76,3902496.0
62,European Union - 28 countries,77,3858219.0
63,European Union - 28 countries,78,3944379.0
64,European Union - 28 countries,79,3710835.0
65,European Union - 28 countries,80,3494990.0
66,European Union - 28 countries,81,3248022.0
67,European Union - 28 countries,82,3052812.0
68,European Union - 28 countries,83,2821196.0
69,European Union - 28 countries,84,2566408.0
70,European Union - 28 countries,85,2250328.0
71,European Union - 28 countries,86,2072194.0
72,European Union - 28 countries,87,1843366.0
73,European Union - 28 countries,88,1666494.0
74,European Union - 28 countries,89,1380490.0
75,European Union - 28 countries,90,1167745.0
76,European Union - 28 countries,91,944291.0
77,European Union - 28 countries,92,774548.0
78,European Union - 28 countries,93,615756.0
79,European Union - 28 countries,94,469330.0
80,European Union - 28 countries,95,356014.0
81,European Union - 28 countries,96,263966.0
82,European Union - 28 countries,97,190623.0
83,European Union - 28 countries,98,129402.0
84,European Union - 28 countries,99,67162.0
85,European Union - 28 countries,100,114991.0
89,Belgium,18,128613.0
90,Belgium,19,127984.0
91,Belgium,20,129850.0
92,Belgium,21,133127.0
93,Belgium,22,134941.0
94,Belgium,23,135591.0
95,Belgium,24,138367.0
96,Belgium,25,144537.0
97,Belgium,26,150466.0
98,Belgium,27,153268.0
99,Belgium,28,153383.0
100,Belgium,29,151211.0
101,Belgium,30,150986.0
102,Belgium,31,148742.0
103,Belgium,32,148651.0
104,Belgium,33,145591.0
105,Belgium,34,147288.0
106,Belgium,35,147497.0
107,Belgium,36,150517.0
108,Belgium,37,152251.0
109,Belgium,38,153854.0
110,Belgium,39,151541.0
111,Belgium,40,149405.0
112,Belgium,41,147511.0
113,Belgium,42,145725.0
114,Belgium,43,143297.0
115,Belgium,44,146925.0
116,Belgium,45,150202.0
117,Belgium,46,154796.0
118,Belgium,47,157654.0
119,Belgium,48,158885.0
120,Belgium,49,157033.0
121,Belgium,50,156238.0
122,Belgium,51,156547.0
123,Belgium,52,160273.0
124,Belgium,53,163190.0
125,Belgium,54,167339.0
126,Belgium,55,163645.0
127,Belgium,56,159476.0
128,Belgium,57,158466.0
129,Belgium,58,155688.0
130,Belgium,59,154998.0
131,Belgium,60,150266.0
132,Belgium,61,145973.0
133,Belgium,62,142232.0
134,Belgium,63,139151.0
135,Belgium,64,135015.0
136,Belgium,65,130325.0
137,Belgium,66,127807.0
138,Belgium,67,121295.0
139,Belgium,68,120560.0
140,Belgium,69,118209.0
141,Belgium,70,117790.0
142,Belgium,71,114771.0
143,Belgium,72,113378.0
144,Belgium,73,94337.0
145,Belgium,74,92362.0
146,Belgium,75,85819.0
147,Belgium,76,74212.0
148,Belgium,77,65998.0
149,Belgium,78,71792.0
150,Belgium,79,75294.0
151,Belgium,80,73735.0
152,Belgium,81,68030.0
153,Belgium,82,63245.0
154,Belgium,83,59088.0
155,Belgium,84,56203.0
156,Belgium,85,51625.0
157,Belgium,86,48931.0
158,Belgium,87,44054.0
159,Belgium,88,39132.0
160,Belgium,89,31850.0
161,Belgium,90,26543.0
162,Belgium,91,21765.0
163,Belgium,92,17766.0
164,Belgium,93,14291.0
165,Belgium,94,10933.0
166,Belgium,95,8147.0
167,Belgium,96,5826.0
168,Belgium,97,4106.0
169,Belgium,98,2719.0
170,Belgium,99,1320.0
171,Belgium,100,1688.0
175,Bulgaria,18,65302.0
176,Bulgaria,19,65781.0
177,Bulgaria,20,58591.0
178,Bulgaria,21,56709.0
179,Bulgaria,22,63361.0
180,Bulgaria,23,62961.0
181,Bulgaria,24,69191.0
182,Bulgaria,25,73848.0
183,Bulgaria,26,77583.0
184,Bulgaria,27,83978.0
185,Bulgaria,28,90797.0
186,Bulgaria,29,95044.0
187,Bulgaria,30,96963.0
188,Bulgaria,31,94942.0
189,Bulgaria,32,96956.0
190,Bulgaria,33,94402.0
191,Bulgaria,34,95648.0
192,Bulgaria,35,95436.0
193,Bulgaria,36,95231.0
194,Bulgaria,37,96719.0
195,Bulgaria,38,97855.0
196,Bulgaria,39,103619.0
197,Bulgaria,40,103603.0
198,Bulgaria,41,107267.0
199,Bulgaria,42,109453.0
200,Bulgaria,43,109835.0
201,Bulgaria,44,113108.0
202,Bulgaria,45,106015.0
203,Bulgaria,46,99322.0
204,Bulgaria,47,101671.0
205,Bulgaria,48,104352.0
206,Bulgaria,49,106546.0
207,Bulgaria,50,103715.0
208,Bulgaria,51,90882.0
209,Bulgaria,52,89378.0
210,Bulgaria,53,90594.0
211,Bulgaria,54,93766.0
212,Bulgaria,55,94294.0
213,Bulgaria,56,94690.0
214,Bulgaria,57,97071.0
215,Bulgaria,58,96489.0
216,Bulgaria,59,94177.0
217,Bulgaria,60,95014.0
218,Bulgaria,61,95174.0
219,Bulgaria,62,98136.0
220,Bulgaria,63,97619.0
221,Bulgaria,64,94640.0
222,Bulgaria,65,94972.0
223,Bulgaria,66,92916.0
224,Bulgaria,67,89382.0
225,Bulgaria,68,100453.0
226,Bulgaria,69,95778.0
227,Bulgaria,70,90719.0
228,Bulgaria,71,85077.0
229,Bulgaria,72,86259.0
230,Bulgaria,73,75137.0
231,Bulgaria,74,66799.0
232,Bulgaria,75,64459.0
233,Bulgaria,76,60864.0
234,Bulgaria,77,55861.0
235,Bulgaria,78,53109.0
236,Bulgaria,79,47303.0
237,Bulgaria,80,44775.0
238,Bulgaria,81,42150.0
239,Bulgaria,82,40489.0
240,Bulgaria,83,35740.0
241,Bulgaria,84,35128.0
242,Bulgaria,85,29460.0
243,Bulgaria,86,26060.0
244,Bulgaria,87,19493.0
245,Bulgaria,88,17269.0
246,Bulgaria,89,12940.0
247,Bulgaria,90,10521.0
248,Bulgaria,91,7696.0
249,Bulgaria,92,6210.0
250,Bulgaria,93,4297.0
251,Bulgaria,94,3082.0
252,Bulgaria,95,1945.0
253,Bulgaria,96,1317.0
254,Bulgaria,97,818.0
255,Bulgaria,98,495.0
256,Bulgaria,99,285.0
257,Bulgaria,100,258.0
261,Czechia,18,92395.0
262,Czechia,19,91293.0
263,Czechia,20,92370.0
264,Czechia,21,92881.0
265,Czechia,22,93530.0
266,Czechia,23,99720.0
267,Czechia,24,110749.0
268,Czechia,25,125121.0
269,Czechia,26,126773.0
270,Czechia,27,135055.0
271,Czechia,28,137802.0
272,Czechia,29,137593.0
273,Czechia,30,143531.0
274,Czechia,31,142466.0
275,Czechia,32,145005.0
276,Czechia,33,148040.0
277,Czechia,34,148432.0
278,Czechia,35,148691.0
279,Czechia,36,151592.0
280,Czechia,37,152178.0
281,Czechia,38,160173.0
282,Czechia,39,175779.0
283,Czechia,40,180839.0
284,Czechia,41,183127.0
285,Czechia,42,187471.0
286,Czechia,43,190444.0
287,Czechia,44,192018.0
288,Czechia,45,179712.0
289,Czechia,46,162794.0
290,Czechia,47,153284.0
291,Czechia,48,147059.0
292,Czechia,49,141263.0
293,Czechia,50,134229.0
294,Czechia,51,134122.0
295,Czechia,52,135358.0
296,Czechia,53,140185.0
297,Czechia,54,146138.0
298,Czechia,55,140572.0
299,Czechia,56,126107.0
300,Czechia,57,122557.0
301,Czechia,58,119683.0
302,Czechia,59,117715.0
303,Czechia,60,126462.0
304,Czechia,61,135168.0
305,Czechia,62,138759.0
306,Czechia,63,139388.0
307,Czechia,64,138775.0
308,Czechia,65,138472.0
309,Czechia,66,139614.0
310,Czechia,67,138639.0
311,Czechia,68,134479.0
312,Czechia,69,129016.0
313,Czechia,70,131031.0
314,Czechia,71,133506.0
315,Czechia,72,126413.0
316,Czechia,73,99562.0
317,Czechia,74,101587.0
318,Czechia,75,95940.0
319,Czechia,76,82211.0
320,Czechia,77,75844.0
321,Czechia,78,71443.0
322,Czechia,79,60256.0
323,Czechia,80,54974.0
324,Czechia,81,48725.0
325,Czechia,82,45014.0
326,Czechia,83,41865.0
327,Czechia,84,39082.0
328,Czechia,85,35535.0
329,Czechia,86,33348.0
330,Czechia,87,28973.0
331,Czechia,88,25252.0
332,Czechia,89,20161.0
333,Czechia,90,16447.0
334,Czechia,91,12689.0
335,Czechia,92,9992.0
336,Czechia,93,7510.0
337,Czechia,94,5542.0
338,Czechia,95,4042.0
339,Czechia,96,2691.0
340,Czechia,97,1755.0
341,Czechia,98,977.0
342,Czechia,99,500.0
343,Czechia,100,548.0
347,Denmark,18,70270.0
348,Denmark,19,71153.0
349,Denmark,20,72524.0
350,Denmark,21,74160.0
351,Denmark,22,75007.0
352,Denmark,23,78587.0
353,Denmark,24,80876.0
354,Denmark,25,81037.0
355,Denmark,26,83814.0
356,Denmark,27,81688.0
357,Denmark,28,81765.0
358,Denmark,29,79132.0
359,Denmark,30,76429.0
360,Denmark,31,73112.0
361,Denmark,32,71788.0
362,Denmark,33,69866.0
363,Denmark,34,67290.0
364,Denmark,35,65626.0
365,Denmark,36,66554.0
366,Denmark,37,66036.0
367,Denmark,38,69342.0
368,Denmark,39,70405.0
369,Denmark,40,72093.0
370,Denmark,41,71527.0
371,Denmark,42,74038.0
372,Denmark,43,79718.0
373,Denmark,44,78282.0
374,Denmark,45,78012.0
375,Denmark,46,81176.0
376,Denmark,47,80005.0
377,Denmark,48,76627.0
378,Denmark,49,76083.0
379,Denmark,50,78551.0
380,Denmark,51,83602.0
381,Denmark,52,89302.0
382,Denmark,53,86199.0
383,Denmark,54,83898.0
384,Denmark,55,81806.0
385,Denmark,56,77017.0
386,Denmark,57,74551.0
387,Denmark,58,74119.0
388,Denmark,59,70592.0
389,Denmark,60,70570.0
390,Denmark,61,69508.0
391,Denmark,62,69427.0
392,Denmark,63,67983.0
393,Denmark,64,66081.0
394,Denmark,65,66557.0
395,Denmark,66,64704.0
396,Denmark,67,62977.0
397,Denmark,68,64167.0
398,Denmark,69,62977.0
399,Denmark,70,65338.0
400,Denmark,71,68295.0
401,Denmark,72,69036.0
402,Denmark,73,65308.0
403,Denmark,74,60493.0
404,Denmark,75,54292.0
405,Denmark,76,49744.0
406,Denmark,77,42817.0
407,Denmark,78,40181.0
408,Denmark,79,36595.0
409,Denmark,80,34565.0
410,Denmark,81,31626.0
411,Denmark,82,28388.0
412,Denmark,83,25256.0
413,Denmark,84,22681.0
414,Denmark,85,19871.0
415,Denmark,86,17661.0
416,Denmark,87,15496.0
417,Denmark,88,13518.0
418,Denmark,89,11750.0
419,Denmark,90,10201.0
420,Denmark,91,8406.0
421,Denmark,92,7104.0
422,Denmark,93,5669.0
423,Denmark,94,4463.0
424,Denmark,95,3381.0
425,Denmark,96,2369.0
426,Denmark,97,1847.0
427,Denmark,98,1286.0
428,Denmark,99,743.0
429,Denmark,100,1266.0
433,Germany,18,818917.0
434,Germany,19,834114.0
435,Germany,20,867415.0
436,Germany,21,913111.0
437,Germany,22,923846.0
438,Germany,23,922789.0
439,Germany,24,953371.0
440,Germany,25,993211.0
441,Germany,26,1012704.0
442,Germany,27,1048551.0
443,Germany,28,1139245.0
444,Germany,29,1124656.0
445,Germany,30,1149736.0
446,Germany,31,1126343.0
447,Germany,32,1107678.0
448,Germany,33,1072514.0
449,Germany,34,1066544.0
450,Germany,35,1067359.0
451,Germany,36,1087505.0
452,Germany,37,1077876.0
453,Germany,38,1077971.0
454,Germany,39,1028028.0
455,Germany,40,1012959.0
456,Germany,41,1002292.0
457,Germany,42,982195.0
458,Germany,43,954883.0
459,Germany,44,966118.0
460,Germany,45,972704.0
461,Germany,46,1051381.0
462,Germany,47,1152712.0
463,Germany,48,1191889.0
464,Germany,49,1276266.0
465,Germany,50,1332655.0
466,Germany,51,1365718.0
467,Germany,52,1400561.0
468,Germany,53,1402092.0
469,Germany,54,1424708.0
470,Germany,55,1409415.0
471,Germany,56,1361018.0
472,Germany,57,1337684.0
473,Germany,58,1287827.0
474,Germany,59,1248315.0
475,Germany,60,1174176.0
476,Germany,61,1142663.0
477,Germany,62,1105655.0
478,Germany,63,1065724.0
479,Germany,64,1040146.0
480,Germany,65,1000614.0
481,Germany,66,992804.0
482,Germany,67,966797.0
483,Germany,68,959415.0
484,Germany,69,920523.0
485,Germany,70,833693.0
486,Germany,71,775767.0
487,Germany,72,669734.0
488,Germany,73,581939.0
489,Germany,74,767323.0
490,Germany,75,767701.0
491,Germany,76,731231.0
492,Germany,77,870237.0
493,Germany,78,892559.0
494,Germany,79,852144.0
495,Germany,80,763712.0
496,Germany,81,680899.0
497,Germany,82,624025.0
498,Germany,83,565532.0
499,Germany,84,487017.0
500,Germany,85,360255.0
501,Germany,86,326970.0
502,Germany,87,299121.0
503,Germany,88,279120.0
504,Germany,89,236551.0
505,Germany,90,199459.0
506,Germany,91,156712.0
507,Germany,92,126857.0
508,Germany,93,100555.0
509,Germany,94,72763.0
510,Germany,95,53542.0
511,Germany,96,40052.0
512,Germany,97,29337.0
513,Germany,98,19624.0
514,Germany,99,10011.0
515,Germany,100,12786.0
519,Estonia,18,12424.0
520,Estonia,19,11718.0
521,Estonia,20,11487.0
522,Estonia,21,11881.0
523,Estonia,22,12589.0
524,Estonia,23,12770.0
525,Estonia,24,13273.0
526,Estonia,25,14248.0
527,Estonia,26,16416.0
528,Estonia,27,16954.0
529,Estonia,28,19055.0
530,Estonia,29,20322.0
531,Estonia,30,20591.0
532,Estonia,31,20421.0
533,Estonia,32,19454.0
534,Estonia,33,19206.0
535,Estonia,34,19401.0
536,Estonia,35,19319.0
537,Estonia,36,18501.0
538,Estonia,37,18406.0
539,Estonia,38,18118.0
540,Estonia,39,17915.0
541,Estonia,40,17768.0
542,Estonia,41,18180.0
543,Estonia,42,18159.0
544,Estonia,43,18034.0
545,Estonia,44,17955.0
546,Estonia,45,17868.0
547,Estonia,46,18343.0
548,Estonia,47,18615.0
549,Estonia,48,18274.0
550,Estonia,49,17820.0
551,Estonia,50,17067.0
552,Estonia,51,16175.0
553,Estonia,52,16263.0
554,Estonia,53,16461.0
555,Estonia,54,17150.0
556,Estonia,55,17056.0
557,Estonia,56,17752.0
558,Estonia,57,18247.0
559,Estonia,58,18176.0
560,Estonia,59,17845.0
561,Estonia,60,17286.0
562,Estonia,61,17111.0
563,Estonia,62,16801.0
564,Estonia,63,17162.0
565,Estonia,64,16543.0
566,Estonia,65,15540.0
567,Estonia,66,15654.0
568,Estonia,67,15431.0
569,Estonia,68,14568.0
570,Estonia,69,15258.0
571,Estonia,70,14024.0
572,Estonia,71,13298.0
573,Estonia,72,12063.0
574,Estonia,73,9465.0
575,Estonia,74,9267.0
576,Estonia,75,8745.0
577,Estonia,76,10375.0
578,Estonia,77,11871.0
579,Estonia,78,10266.0
580,Estonia,79,10461.0
581,Estonia,80,9816.0
582,Estonia,81,9640.0
583,Estonia,82,8103.0
584,Estonia,83,7139.0
585,Estonia,84,5958.0
586,Estonia,85,5532.0
587,Estonia,86,5475.0
588,Estonia,87,4831.0
589,Estonia,88,4162.0
590,Estonia,89,3530.0
591,Estonia,90,3024.0
592,Estonia,91,2313.0
593,Estonia,92,1765.0
594,Estonia,93,1335.0
595,Estonia,94,967.0
596,Estonia,95,725.0
597,Estonia,96,441.0
598,Estonia,97,280.0
599,Estonia,98,139.0
600,Estonia,99,82.0
601,Estonia,100,142.0
605,Ireland,18,59269.0
606,Ireland,19,56003.0
607,Ireland,20,53468.0
608,Ireland,21,50134.0
609,Ireland,22,46399.0
610,Ireland,23,42791.0
611,Ireland,24,42620.0
612,Ireland,25,44260.0
613,Ireland,26,48801.0
614,Ireland,27,53193.0
615,Ireland,28,56946.0
616,Ireland,29,57889.0
617,Ireland,30,59890.0
618,Ireland,31,62630.0
619,Ireland,32,65320.0
620,Ireland,33,68132.0
621,Ireland,34,69580.0
622,Ireland,35,71387.0
623,Ireland,36,74902.0
624,Ireland,37,77303.0
625,Ireland,38,79589.0
626,Ireland,39,78063.0
627,Ireland,40,75088.0
628,Ireland,41,72826.0
629,Ireland,42,72078.0
630,Ireland,43,71980.0
631,Ireland,44,71818.0
632,Ireland,45,71144.0
633,Ireland,46,71147.0
634,Ireland,47,69944.0
635,Ireland,48,69278.0
636,Ireland,49,67116.0
637,Ireland,50,64204.0
638,Ireland,51,63324.0
639,Ireland,52,62208.0
640,Ireland,53,61679.0
641,Ireland,54,61258.0
642,Ireland,55,59391.0
643,Ireland,56,57699.0
644,Ireland,57,56414.0
645,Ireland,58,55989.0
646,Ireland,59,53605.0
647,Ireland,60,51685.0
648,Ireland,61,50829.0
649,Ireland,62,49423.0
650,Ireland,63,48018.0
651,Ireland,64,47178.0
652,Ireland,65,45527.0
653,Ireland,66,44948.0
654,Ireland,67,42766.0
655,Ireland,68,41719.0
656,Ireland,69,40783.0
657,Ireland,70,39797.0
658,Ireland,71,38424.0
659,Ireland,72,36539.0
660,Ireland,73,34373.0
661,Ireland,74,31215.0
662,Ireland,75,29241.0
663,Ireland,76,26991.0
664,Ireland,77,24268.0
665,Ireland,78,22772.0
666,Ireland,79,21853.0
667,Ireland,80,20268.0
668,Ireland,81,18466.0
669,Ireland,82,17251.0
670,Ireland,83,15737.0
671,Ireland,84,14092.0
672,Ireland,85,12474.0
673,Ireland,86,10643.0
674,Ireland,87,9333.0
675,Ireland,88,8082.0
676,Ireland,89,6752.0
677,Ireland,90,5439.0
678,Ireland,91,4303.0
679,Ireland,92,3687.0
680,Ireland,93,2949.0
681,Ireland,94,2364.0
682,Ireland,95,1739.0
683,Ireland,96,1455.0
684,Ireland,97,1055.0
685,Ireland,98,849.0
686,Ireland,99,688.0
687,Ireland,100,1428.0
690,Greece,17,106636.0
691,Greece,18,107006.0
692,Greece,19,107419.0
693,Greece,20,107776.0
694,Greece,21,108035.0
695,Greece,22,108347.0
696,Greece,23,107733.0
697,Greece,24,109602.0
698,Greece,25,105681.0
699,Greece,26,112151.0
700,Greece,27,115091.0
701,Greece,28,112862.0
702,Greece,29,114458.0
703,Greece,30,117107.0
704,Greece,31,109732.0
705,Greece,32,117904.0
706,Greece,33,120917.0
707,Greece,34,128656.0
708,Greece,35,139882.0
709,Greece,36,147446.0
710,Greece,37,153860.0
711,Greece,38,157911.0
712,Greece,39,159230.0
713,Greece,40,158693.0
714,Greece,41,157179.0
715,Greece,42,161936.0
716,Greece,43,158883.0
717,Greece,44,160399.0
718,Greece,45,156586.0
719,Greece,46,158845.0
720,Greece,47,161126.0
721,Greece,48,163026.0
722,Greece,49,163968.0
723,Greece,50,163847.0
724,Greece,51,163415.0
725,Greece,52,156072.0
726,Greece,53,150418.0
727,Greece,54,145262.0
728,Greece,55,142635.0
729,Greece,56,143490.0
730,Greece,57,144202.0
731,Greece,58,144323.0
732,Greece,59,142918.0
733,Greece,60,139658.0
734,Greece,61,134960.0
735,Greece,62,136780.0
736,Greece,63,134440.0
737,Greece,64,127744.0
738,Greece,65,122688.0
739,Greece,66,123168.0
740,Greece,67,122582.0
741,Greece,68,121121.0
742,Greece,69,119046.0
743,Greece,70,117715.0
744,Greece,71,116948.0
745,Greece,72,115190.0
746,Greece,73,110016.0
747,Greece,74,99304.0
748,Greece,75,89616.0
749,Greece,76,85073.0
750,Greece,77,85330.0
751,Greece,78,88418.0
752,Greece,79,90451.0
753,Greece,80,88972.0
754,Greece,81,85146.0
755,Greece,82,80313.0
756,Greece,83,74295.0
757,Greece,84,67809.0
758,Greece,85,61506.0
759,Greece,86,54992.0
760,Greece,87,48206.0
761,Greece,88,41370.0
762,Greece,89,34864.0
763,Greece,90,28000.0
764,Greece,91,21687.0
765,Greece,92,19162.0
766,Greece,93,13771.0
767,Greece,94,9711.0
768,Greece,95,6834.0
769,Greece,96,5149.0
770,Greece,97,3924.0
771,Greece,98,2888.0
772,Greece,99,2379.0
773,Greece,100,5702.0
777,Spain,18,461500.0
778,Spain,19,454148.0
779,Spain,20,444352.0
780,Spain,21,449756.0
781,Spain,22,447991.0
782,Spain,23,448902.0
783,Spain,24,455539.0
784,Spain,25,472471.0
785,Spain,26,486767.0
786,Spain,27,483573.0
787,Spain,28,488589.0
788,Spain,29,497234.0
789,Spain,30,506385.0
790,Spain,31,514921.0
791,Spain,32,529809.0
792,Spain,33,549263.0
793,Spain,34,574185.0
794,Spain,35,596683.0
795,Spain,36,636194.0
796,Spain,37,668835.0
797,Spain,38,706576.0
798,Spain,39,731632.0
799,Spain,40,769096.0
800,Spain,41,782976.0
801,Spain,42,798700.0
802,Spain,43,794996.0
803,Spain,44,790044.0
804,Spain,45,771202.0
805,Spain,46,769053.0
806,Spain,47,756426.0
807,Spain,48,746935.0
808,Spain,49,740302.0
809,Spain,50,734318.0
810,Spain,51,737950.0
811,Spain,52,718483.0
812,Spain,53,712125.0
813,Spain,54,720397.0
814,Spain,55,684741.0
815,Spain,56,661023.0
816,Spain,57,644491.0
817,Spain,58,646406.0
818,Spain,59,627332.0
819,Spain,60,612200.0
820,Spain,61,595606.0
821,Spain,62,555005.0
822,Spain,63,536627.0
823,Spain,64,510514.0
824,Spain,65,509212.0
825,Spain,66,505322.0
826,Spain,67,470728.0
827,Spain,68,458011.0
828,Spain,69,472168.0
829,Spain,70,490248.0
830,Spain,71,444397.0
831,Spain,72,420441.0
832,Spain,73,434210.0
833,Spain,74,408052.0
834,Spain,75,395332.0
835,Spain,76,336014.0
836,Spain,77,303886.0
837,Spain,78,364516.0
838,Spain,79,237011.0
839,Spain,80,260782.0
840,Spain,81,282142.0
841,Spain,82,296427.0
842,Spain,83,273660.0
843,Spain,84,256525.0
844,Spain,85,245689.0
845,Spain,86,224748.0
846,Spain,87,194592.0
847,Spain,88,176051.0
848,Spain,89,146841.0
849,Spain,90,126257.0
850,Spain,91,100586.0
851,Spain,92,84061.0
852,Spain,93,65460.0
853,Spain,94,51541.0
854,Spain,95,39166.0
855,Spain,96,29698.0
856,Spain,97,20613.0
857,Spain,98,14388.0
858,Spain,99,9077.0
859,Spain,100,20140.0
863,France,18,863964.0
864,France,19,828311.0
865,France,20,828247.0
866,France,21,816125.0
867,France,22,816940.0
868,France,23,803537.0
869,France,24,773770.0
870,France,25,757725.0
871,France,26,784434.0
872,France,27,783078.0
873,France,28,789852.0
874,France,29,783983.0
875,France,30,789687.0
876,France,31,787720.0
877,France,32,799998.0
878,France,33,799051.0
879,France,34,796482.0
880,France,35,786813.0
881,France,36,838720.0
882,France,37,847690.0
883,France,38,860951.0
884,France,39,815543.0
885,France,40,800338.0
886,France,41,810551.0
887,France,42,792888.0
888,France,43,815829.0
889,France,44,861618.0
890,France,45,910558.0
891,France,46,932337.0
892,France,47,924768.0
893,France,48,907057.0
894,France,49,892059.0
895,France,50,885402.0
896,France,51,876867.0
897,France,52,898437.0
898,France,53,899939.0
899,France,54,909394.0
900,France,55,898916.0
901,France,56,866170.0
902,France,57,863247.0
903,France,58,857906.0
904,France,59,850312.0
905,France,60,829637.0
906,France,61,825142.0
907,France,62,816047.0
908,France,63,804580.0
909,France,64,802464.0
910,France,65,781938.0
911,France,66,791573.0
912,France,67,767657.0
913,France,68,794838.0
914,France,69,775771.0
915,France,70,768615.0
916,France,71,747637.0
917,France,72,705426.0
918,France,73,528792.0
919,France,74,512164.0
920,France,75,492616.0
921,France,76,451938.0
922,France,77,398161.0
923,France,78,410044.0
924,France,79,420441.0
925,France,80,405981.0
926,France,81,388013.0
927,France,82,376962.0
928,France,83,357070.0
929,France,84,345958.0
930,France,85,314306.0
931,France,86,303750.0
932,France,87,273446.0
933,France,88,249641.0
934,France,89,210668.0
935,France,90,183071.0
936,France,91,154883.0
937,France,92,130513.0
938,France,93,107865.0
939,France,94,84735.0
940,France,95,66318.0
941,France,96,50890.0
942,France,97,37817.0
943,France,98,26976.0
944,France,99,11039.0
945,France,100,19411.0
949,Croatia,18,43098.0
950,Croatia,19,44709.0
951,Croatia,20,47210.0
952,Croatia,21,49682.0
953,Croatia,22,50525.0
954,Croatia,23,48539.0
955,Croatia,24,47957.0
956,Croatia,25,48250.0
957,Croatia,26,46710.0
958,Croatia,27,50375.0
959,Croatia,28,49777.0
960,Croatia,29,49762.0
961,Croatia,30,51785.0
962,Croatia,31,51619.0
963,Croatia,32,52550.0
964,Croatia,33,54720.0
965,Croatia,34,56710.0
966,Croatia,35,56214.0
967,Croatia,36,56534.0
968,Croatia,37,56935.0
969,Croatia,38,57870.0
970,Croatia,39,57674.0
971,Croatia,40,56733.0
972,Croatia,41,56112.0
973,Croatia,42,55494.0
974,Croatia,43,54746.0
975,Croatia,44,54353.0
976,Croatia,45,54492.0
977,Croatia,46,54322.0
978,Croatia,47,54222.0
979,Croatia,48,51476.0
980,Croatia,49,53694.0
981,Croatia,50,54939.0
982,Croatia,51,56494.0
983,Croatia,52,58838.0
984,Croatia,53,59310.0
985,Croatia,54,56683.0
986,Croatia,55,57166.0
987,Croatia,56,58490.0
988,Croatia,57,59576.0
989,Croatia,58,59810.0
990,Croatia,59,59947.0
991,Croatia,60,58958.0
992,Croatia,61,58182.0
993,Croatia,62,60274.0
994,Croatia,63,59523.0
995,Croatia,64,58670.0
996,Croatia,65,56054.0
997,Croatia,66,54522.0
998,Croatia,67,49693.0
999,Croatia,68,51383.0
1000,Croatia,69,49776.0
1001,Croatia,70,45609.0
1002,Croatia,71,43962.0
1003,Croatia,72,39532.0
1004,Croatia,73,29548.0
1005,Croatia,74,31565.0
1006,Croatia,75,33968.0
1007,Croatia,76,36000.0
1008,Croatia,77,32752.0
1009,Croatia,78,33229.0
1010,Croatia,79,31507.0
1011,Croatia,80,29598.0
1012,Croatia,81,28209.0
1013,Croatia,82,25936.0
1014,Croatia,83,23454.0
1015,Croatia,84,20964.0
1016,Croatia,85,18455.0
1017,Croatia,86,16032.0
1018,Croatia,87,13337.0
1019,Croatia,88,11322.0
1020,Croatia,89,8587.0
1021,Croatia,90,6646.0
1022,Croatia,91,4800.0
1023,Croatia,92,3842.0
1024,Croatia,93,2735.0
1025,Croatia,94,1912.0
1026,Croatia,95,1344.0
1027,Croatia,96,890.0
1028,Croatia,97,601.0
1029,Croatia,98,357.0
1030,Croatia,99,188.0
1031,Croatia,100,172.0
1035,Italy,18,589240.0
1036,Italy,19,581748.0
1037,Italy,20,585178.0
1038,Italy,21,586354.0
1039,Italy,22,590878.0
1040,Italy,23,593944.0
1041,Italy,24,605341.0
1042,Italy,25,622050.0
1043,Italy,26,649178.0
1044,Italy,27,651645.0
1045,Italy,28,663160.0
1046,Italy,29,663704.0
1047,Italy,30,679134.0
1048,Italy,31,666702.0
1049,Italy,32,670319.0
1050,Italy,33,690889.0
1051,Italy,34,703942.0
1052,Italy,35,716497.0
1053,Italy,36,739980.0
1054,Italy,37,744689.0
1055,Italy,38,761988.0
1056,Italy,39,785695.0
1057,Italy,40,826415.0
1058,Italy,41,851271.0
1059,Italy,42,888527.0
1060,Italy,43,928864.0
1061,Italy,44,966141.0
1062,Italy,45,959640.0
1063,Italy,46,968751.0
1064,Italy,47,976919.0
1065,Italy,48,968203.0
1066,Italy,49,992963.0
1067,Italy,50,985110.0
1068,Italy,51,988059.0
1069,Italy,52,996159.0
1070,Italy,53,992831.0
1071,Italy,54,1004962.0
1072,Italy,55,942306.0
1073,Italy,56,909669.0
1074,Italy,57,890063.0
1075,Italy,58,860671.0
1076,Italy,59,838593.0
1077,Italy,60,799557.0
1078,Italy,61,790167.0
1079,Italy,62,772203.0
1080,Italy,63,755693.0
1081,Italy,64,741757.0
1082,Italy,65,705273.0
1083,Italy,66,691222.0
1084,Italy,67,685762.0
1085,Italy,68,707033.0
1086,Italy,69,707133.0
1087,Italy,70,733040.0
1088,Italy,71,711692.0
1089,Italy,72,705550.0
1090,Italy,73,540112.0
1091,Italy,74,549351.0
1092,Italy,75,547843.0
1093,Italy,76,536816.0
1094,Italy,77,530587.0
1095,Italy,78,571566.0
1096,Italy,79,548884.0
1097,Italy,80,517634.0
1098,Italy,81,463266.0
1099,Italy,82,417933.0
1100,Italy,83,407031.0
1101,Italy,84,372936.0
1102,Italy,85,339298.0
1103,Italy,86,303456.0
1104,Italy,87,277378.0
1105,Italy,88,257872.0
1106,Italy,89,208500.0
1107,Italy,90,178133.0
1108,Italy,91,149481.0
1109,Italy,92,121046.0
1110,Italy,93,96666.0
1111,Italy,94,75520.0
1112,Italy,95,58340.0
1113,Italy,96,42752.0
1114,Italy,97,30853.0
1115,Italy,98,21209.0
1116,Italy,99,9439.0
1117,Italy,100,16598.0
1121,Cyprus,18,9374.0
1122,Cyprus,19,9585.0
1123,Cyprus,20,10319.0
1124,Cyprus,21,10725.0
1125,Cyprus,22,11267.0
1126,Cyprus,23,11599.0
1127,Cyprus,24,12449.0
1128,Cyprus,25,13408.0
1129,Cyprus,26,14356.0
1130,Cyprus,27,14098.0
1131,Cyprus,28,14637.0
1132,Cyprus,29,14633.0
1133,Cyprus,30,15347.0
1134,Cyprus,31,14942.0
1135,Cyprus,32,15160.0
1136,Cyprus,33,14729.0
1137,Cyprus,34,14626.0
1138,Cyprus,35,14393.0
1139,Cyprus,36,13498.0
1140,Cyprus,37,13653.0
1141,Cyprus,38,13805.0
1142,Cyprus,39,13066.0
1143,Cyprus,40,13029.0
1144,Cyprus,41,12501.0
1145,Cyprus,42,12478.0
1146,Cyprus,43,10924.0
1147,Cyprus,44,11323.0
1148,Cyprus,45,11748.0
1149,Cyprus,46,11699.0
1150,Cyprus,47,11128.0
1151,Cyprus,48,10957.0
1152,Cyprus,49,10867.0
1153,Cyprus,50,10856.0
1154,Cyprus,51,10711.0
1155,Cyprus,52,10837.0
1156,Cyprus,53,10851.0
1157,Cyprus,54,10988.0
1158,Cyprus,55,11070.0
1159,Cyprus,56,11046.0
1160,Cyprus,57,11048.0
1161,Cyprus,58,10992.0
1162,Cyprus,59,10663.0
1163,Cyprus,60,10228.0
1164,Cyprus,61,9675.0
1165,Cyprus,62,9357.0
1166,Cyprus,63,9126.0
1167,Cyprus,64,8929.0
1168,Cyprus,65,8901.0
1169,Cyprus,66,8954.0
1170,Cyprus,67,9039.0
1171,Cyprus,68,9003.0
1172,Cyprus,69,8866.0
1173,Cyprus,70,8524.0
1174,Cyprus,71,7966.0
1175,Cyprus,72,7242.0
1176,Cyprus,73,6599.0
1177,Cyprus,74,6115.0
1178,Cyprus,75,5727.0
1179,Cyprus,76,5669.0
1180,Cyprus,77,5513.0
1181,Cyprus,78,5180.0
1182,Cyprus,79,4790.0
1183,Cyprus,80,4416.0
1184,Cyprus,81,4079.0
1185,Cyprus,82,3514.0
1186,Cyprus,83,3138.0
1187,Cyprus,84,2855.0
1188,Cyprus,85,2596.0
1189,Cyprus,86,2328.0
1190,Cyprus,87,1915.0
1191,Cyprus,88,1577.0
1192,Cyprus,89,1322.0
1193,Cyprus,90,1100.0
1194,Cyprus,91,945.0
1195,Cyprus,92,530.0
1196,Cyprus,93,584.0
1197,Cyprus,94,326.0
1198,Cyprus,95,287.0
1199,Cyprus,96,167.0
1200,Cyprus,97,91.0
1201,Cyprus,98,47.0
1202,Cyprus,99,62.0
1203,Cyprus,100,40.0
1207,Latvia,18,17764.0
1208,Latvia,19,16773.0
1209,Latvia,20,15578.0
1210,Latvia,21,15730.0
1211,Latvia,22,16223.0
1212,Latvia,23,17601.0
1213,Latvia,24,19118.0
1214,Latvia,25,20948.0
1215,Latvia,26,24070.0
1216,Latvia,27,24749.0
1217,Latvia,28,26197.0
1218,Latvia,29,26492.0
1219,Latvia,30,27683.0
1220,Latvia,31,28137.0
1221,Latvia,32,28161.0
1222,Latvia,33,27267.0
1223,Latvia,34,27403.0
1224,Latvia,35,27701.0
1225,Latvia,36,25816.0
1226,Latvia,37,25063.0
1227,Latvia,38,24742.0
1228,Latvia,39,24426.0
1229,Latvia,40,24124.0
1230,Latvia,41,24636.0
1231,Latvia,42,25366.0
1232,Latvia,43,25911.0
1233,Latvia,44,26195.0
1234,Latvia,45,26045.0
1235,Latvia,46,26858.0
1236,Latvia,47,27336.0
1237,Latvia,48,26641.0
1238,Latvia,49,26088.0
1239,Latvia,50,26166.0
1240,Latvia,51,25985.0
1241,Latvia,52,26071.0
1242,Latvia,53,25522.0
1243,Latvia,54,26879.0
1244,Latvia,55,27643.0
1245,Latvia,56,28634.0
1246,Latvia,57,29336.0
1247,Latvia,58,29302.0
1248,Latvia,59,28644.0
1249,Latvia,60,28444.0
1250,Latvia,61,27274.0
1251,Latvia,62,25737.0
1252,Latvia,63,25406.0
1253,Latvia,64,24357.0
1254,Latvia,65,22312.0
1255,Latvia,66,22542.0
1256,Latvia,67,22285.0
1257,Latvia,68,21418.0
1258,Latvia,69,22434.0
1259,Latvia,70,20571.0
1260,Latvia,71,18798.0
1261,Latvia,72,16334.0
1262,Latvia,73,15180.0
1263,Latvia,74,15736.0
1264,Latvia,75,16345.0
1265,Latvia,76,17333.0
1266,Latvia,77,18077.0
1267,Latvia,78,16951.0
1268,Latvia,79,16551.0
1269,Latvia,80,15501.0
1270,Latvia,81,14291.0
1271,Latvia,82,12185.0
1272,Latvia,83,10502.0
1273,Latvia,84,8573.0
1274,Latvia,85,8196.0
1275,Latvia,86,7690.0
1276,Latvia,87,6646.0
1277,Latvia,88,5853.0
1278,Latvia,89,4664.0
1279,Latvia,90,4118.0
1280,Latvia,91,3188.0
1281,Latvia,92,2353.0
1282,Latvia,93,1732.0
1283,Latvia,94,1274.0
1284,Latvia,95,908.0
1285,Latvia,96,573.0
1286,Latvia,97,346.0
1287,Latvia,98,187.0
1288,Latvia,99,110.0
1289,Latvia,100,166.0
1293,Lithuania,18,28788.0
1294,Lithuania,19,30219.0
1295,Lithuania,20,30230.0
1296,Lithuania,21,30449.0
1297,Lithuania,22,30950.0
1298,Lithuania,23,31674.0
1299,Lithuania,24,32223.0
1300,Lithuania,25,36132.0
1301,Lithuania,26,39736.0
1302,Lithuania,27,39633.0
1303,Lithuania,28,38669.0
1304,Lithuania,29,36619.0
1305,Lithuania,30,36470.0
1306,Lithuania,31,37986.0
1307,Lithuania,32,37300.0
1308,Lithuania,33,35609.0
1309,Lithuania,34,35017.0
1310,Lithuania,35,34718.0
1311,Lithuania,36,31908.0
1312,Lithuania,37,31874.0
1313,Lithuania,38,31871.0
1314,Lithuania,39,32453.0
1315,Lithuania,40,33149.0
1316,Lithuania,41,34081.0
1317,Lithuania,42,34994.0
1318,Lithuania,43,35310.0
1319,Lithuania,44,36064.0
1320,Lithuania,45,36512.0
1321,Lithuania,46,38392.0
1322,Lithuania,47,40392.0
1323,Lithuania,48,40051.0
1324,Lithuania,49,39890.0
1325,Lithuania,50,40167.0
1326,Lithuania,51,40057.0
1327,Lithuania,52,40271.0
1328,Lithuania,53,40276.0
1329,Lithuania,54,41594.0
1330,Lithuania,55,42104.0
1331,Lithuania,56,43722.0
1332,Lithuania,57,45497.0
1333,Lithuania,58,45187.0
1334,Lithuania,59,44223.0
1335,Lithuania,60,43088.0
1336,Lithuania,61,39696.0
1337,Lithuania,62,36217.0
1338,Lithuania,63,35439.0
1339,Lithuania,64,33254.0
1340,Lithuania,65,30784.0
1341,Lithuania,66,31726.0
1342,Lithuania,67,31042.0
1343,Lithuania,68,30612.0
1344,Lithuania,69,30966.0
1345,Lithuania,70,27428.0
1346,Lithuania,71,24565.0
1347,Lithuania,72,22867.0
1348,Lithuania,73,24448.0
1349,Lithuania,74,20797.0
1350,Lithuania,75,23565.0
1351,Lithuania,76,25111.0
1352,Lithuania,77,23815.0
1353,Lithuania,78,22366.0
1354,Lithuania,79,21430.0
1355,Lithuania,80,21013.0
1356,Lithuania,81,19537.0
1357,Lithuania,82,18669.0
1358,Lithuania,83,16369.0
1359,Lithuania,84,14071.0
1360,Lithuania,85,13085.0
1361,Lithuania,86,12090.0
1362,Lithuania,87,10014.0
1363,Lithuania,88,8772.0
1364,Lithuania,89,7028.0
1365,Lithuania,90,6130.0
1366,Lithuania,91,4589.0
1367,Lithuania,92,3427.0
1368,Lithuania,93,2598.0
1369,Lithuania,94,1840.0
1370,Lithuania,95,1303.0
1371,Lithuania,96,848.0
1372,Lithuania,97,542.0
1373,Lithuania,98,316.0
1374,Lithuania,99,164.0
1375,Lithuania,100,233.0
1379,Luxembourg,18,7013.0
1380,Luxembourg,19,6867.0
1381,Luxembourg,20,7089.0
1382,Luxembourg,21,7432.0
1383,Luxembourg,22,7670.0
1384,Luxembourg,23,7629.0
1385,Luxembourg,24,8158.0
1386,Luxembourg,25,8420.0
1387,Luxembourg,26,8674.0
1388,Luxembourg,27,8782.0
1389,Luxembourg,28,8997.0
1390,Luxembourg,29,9124.0
1391,Luxembourg,30,9524.0
1392,Luxembourg,31,9436.0
1393,Luxembourg,32,9682.0
1394,Luxembourg,33,9295.0
1395,Luxembourg,34,9603.0
1396,Luxembourg,35,9550.0
1397,Luxembourg,36,9782.0
1398,Luxembourg,37,9869.0
1399,Luxembourg,38,9598.0
1400,Luxembourg,39,9471.0
1401,Luxembourg,40,9460.0
1402,Luxembourg,41,9234.0
1403,Luxembourg,42,9160.0
1404,Luxembourg,43,9124.0
1405,Luxembourg,44,8986.0
1406,Luxembourg,45,8920.0
1407,Luxembourg,46,9186.0
1408,Luxembourg,47,9580.0
1409,Luxembourg,48,9302.0
1410,Luxembourg,49,9470.0
1411,Luxembourg,50,9501.0
1412,Luxembourg,51,9500.0
1413,Luxembourg,52,9402.0
1414,Luxembourg,53,9354.0
1415,Luxembourg,54,9188.0
1416,Luxembourg,55,9004.0
1417,Luxembourg,56,8524.0
1418,Luxembourg,57,8339.0
1419,Luxembourg,58,7910.0
1420,Luxembourg,59,7665.0
1421,Luxembourg,60,7341.0
1422,Luxembourg,61,7141.0
1423,Luxembourg,62,6708.0
1424,Luxembourg,63,6276.0
1425,Luxembourg,64,6333.0
1426,Luxembourg,65,5935.0
1427,Luxembourg,66,5731.0
1428,Luxembourg,67,5120.0
1429,Luxembourg,68,5152.0
1430,Luxembourg,69,5109.0
1431,Luxembourg,70,4928.0
1432,Luxembourg,71,4732.0
1433,Luxembourg,72,4294.0
1434,Luxembourg,73,3731.0
1435,Luxembourg,74,3699.0
1436,Luxembourg,75,3673.0
1437,Luxembourg,76,3463.0
1438,Luxembourg,77,3123.0
1439,Luxembourg,78,3129.0
1440,Luxembourg,79,3169.0
1441,Luxembourg,80,2869.0
1442,Luxembourg,81,2639.0
1443,Luxembourg,82,2473.0
1444,Luxembourg,83,2308.0
1445,Luxembourg,84,2077.0
1446,Luxembourg,85,1963.0
1447,Luxembourg,86,1808.0
1448,Luxembourg,87,1722.0
1449,Luxembourg,88,1573.0
1450,Luxembourg,89,1321.0
1451,Luxembourg,90,1081.0
1452,Luxembourg,91,867.0
1453,Luxembourg,92,691.0
1454,Luxembourg,93,521.0
1455,Luxembourg,94,396.0
1456,Luxembourg,95,294.0
1457,Luxembourg,96,210.0
1458,Luxembourg,97,136.0
1459,Luxembourg,98,108.0
1460,Luxembourg,99,46.0
1461,Luxembourg,100,76.0
1465,Hungary,18,99358.0
1466,Hungary,19,96981.0
1467,Hungary,20,100540.0
1468,Hungary,21,105123.0
1469,Hungary,22,113833.0
1470,Hungary,23,120360.0
1471,Hungary,24,123105.0
1472,Hungary,25,124162.0
1473,Hungary,26,127074.0
1474,Hungary,27,130754.0
1475,Hungary,28,128172.0
1476,Hungary,29,124027.0
1477,Hungary,30,122521.0
1478,Hungary,31,121930.0
1479,Hungary,32,122896.0
1480,Hungary,33,123849.0
1481,Hungary,34,118873.0
1482,Hungary,35,120573.0
1483,Hungary,36,127155.0
1484,Hungary,37,135885.0
1485,Hungary,38,142321.0
1486,Hungary,39,152354.0
1487,Hungary,40,159166.0
1488,Hungary,41,167098.0
1489,Hungary,42,174094.0
1490,Hungary,43,181562.0
1491,Hungary,44,173335.0
1492,Hungary,45,146378.0
1493,Hungary,46,144058.0
1494,Hungary,47,141471.0
1495,Hungary,48,143081.0
1496,Hungary,49,143346.0
1497,Hungary,50,143037.0
1498,Hungary,51,136178.0
1499,Hungary,52,123568.0
1500,Hungary,53,118369.0
1501,Hungary,54,116117.0
1502,Hungary,55,114020.0
1503,Hungary,56,110045.0
1504,Hungary,57,116045.0
1505,Hungary,58,120338.0
1506,Hungary,59,119969.0
1507,Hungary,60,124257.0
1508,Hungary,61,126987.0
1509,Hungary,62,141782.0
1510,Hungary,63,150810.0
1511,Hungary,64,154651.0
1512,Hungary,65,139461.0
1513,Hungary,66,123309.0
1514,Hungary,67,122632.0
1515,Hungary,68,122036.0
1516,Hungary,69,114586.0
1517,Hungary,70,110058.0
1518,Hungary,71,103411.0
1519,Hungary,72,88739.0
1520,Hungary,73,83958.0
1521,Hungary,74,92540.0
1522,Hungary,75,82385.0
1523,Hungary,76,81212.0
1524,Hungary,77,72349.0
1525,Hungary,78,70095.0
1526,Hungary,79,61793.0
1527,Hungary,80,57581.0
1528,Hungary,81,52050.0
1529,Hungary,82,47044.0
1530,Hungary,83,43394.0
1531,Hungary,84,39178.0
1532,Hungary,85,35654.0
1533,Hungary,86,31460.0
1534,Hungary,87,26704.0
1535,Hungary,88,23871.0
1536,Hungary,89,18888.0
1537,Hungary,90,15439.0
1538,Hungary,91,11925.0
1539,Hungary,92,9815.0
1540,Hungary,93,7723.0
1541,Hungary,94,5367.0
1542,Hungary,95,4277.0
1543,Hungary,96,3226.0
1544,Hungary,97,2280.0
1545,Hungary,98,1516.0
1546,Hungary,99,931.0
1547,Hungary,100,1192.0
1549,Malta,16,4018.0
1550,Malta,17,4069.0
1551,Malta,18,4587.0
1552,Malta,19,4700.0
1553,Malta,20,5098.0
1554,Malta,21,5381.0
1555,Malta,22,5639.0
1556,Malta,23,5803.0
1557,Malta,24,5930.0
1558,Malta,25,6329.0
1559,Malta,26,6625.0
1560,Malta,27,6756.0
1561,Malta,28,6812.0
1562,Malta,29,6930.0
1563,Malta,30,6886.0
1564,Malta,31,6538.0
1565,Malta,32,6458.0
1566,Malta,33,6541.0
1567,Malta,34,6502.0
1568,Malta,35,6620.0
1569,Malta,36,6782.0
1570,Malta,37,6390.0
1571,Malta,38,6341.0
1572,Malta,39,6332.0
1573,Malta,40,6255.0
1574,Malta,41,6283.0
1575,Malta,42,6194.0
1576,Malta,43,6142.0
1577,Malta,44,5870.0
1578,Malta,45,5633.0
1579,Malta,46,5511.0
1580,Malta,47,5467.0
1581,Malta,48,5277.0
1582,Malta,49,4999.0
1583,Malta,50,5121.0
1584,Malta,51,4980.0
1585,Malta,52,5028.0
1586,Malta,53,5271.0
1587,Malta,54,5508.0
1588,Malta,55,5596.0
1589,Malta,56,5954.0
1590,Malta,57,5945.0
1591,Malta,58,6221.0
1592,Malta,59,6098.0
1593,Malta,60,6100.0
1594,Malta,61,6182.0
1595,Malta,62,6119.0
1596,Malta,63,5883.0
1597,Malta,64,5771.0
1598,Malta,65,5558.0
1599,Malta,66,5624.0
1600,Malta,67,5559.0
1601,Malta,68,5910.0
1602,Malta,69,5841.0
1603,Malta,70,5943.0
1604,Malta,71,5956.0
1605,Malta,72,5563.0
1606,Malta,73,5227.0
1607,Malta,74,5242.0
1608,Malta,75,3690.0
1609,Malta,76,2462.0
1610,Malta,77,2571.0
1611,Malta,78,2754.0
1612,Malta,79,2844.0
1613,Malta,80,2724.0
1614,Malta,81,2578.0
1615,Malta,82,2395.0
1616,Malta,83,2125.0
1617,Malta,84,1792.0
1618,Malta,85,1698.0
1619,Malta,86,1495.0
1620,Malta,87,1300.0
1621,Malta,88,1099.0
1622,Malta,89,850.0
1623,Malta,90,692.0
1624,Malta,91,608.0
1625,Malta,92,491.0
1626,Malta,93,381.0
1627,Malta,94,301.0
1628,Malta,95,196.0
1629,Malta,96,136.0
1630,Malta,97,106.0
1631,Malta,98,78.0
1632,Malta,99,53.0
1633,Malta,100,76.0
1637,Netherlands,18,213586.0
1638,Netherlands,19,212769.0
1639,Netherlands,20,215082.0
1640,Netherlands,21,212348.0
1641,Netherlands,22,213732.0
1642,Netherlands,23,216453.0
1643,Netherlands,24,223972.0
1644,Netherlands,25,223958.0
1645,Netherlands,26,226534.0
1646,Netherlands,27,229244.0
1647,Netherlands,28,229794.0
1648,Netherlands,29,221901.0
1649,Netherlands,30,219199.0
1650,Netherlands,31,218737.0
1651,Netherlands,32,217496.0
1652,Netherlands,33,212468.0
1653,Netherlands,34,208813.0
1654,Netherlands,35,203042.0
1655,Netherlands,36,203803.0
1656,Netherlands,37,207465.0
1657,Netherlands,38,209946.0
1658,Netherlands,39,203017.0
1659,Netherlands,40,203295.0
1660,Netherlands,41,200121.0
1661,Netherlands,42,202021.0
1662,Netherlands,43,203549.0
1663,Netherlands,44,212418.0
1664,Netherlands,45,219869.0
1665,Netherlands,46,237567.0
1666,Netherlands,47,248976.0
1667,Netherlands,48,259620.0
1668,Netherlands,49,265118.0
1669,Netherlands,50,253926.0
1670,Netherlands,51,251101.0
1671,Netherlands,52,252389.0
1672,Netherlands,53,256110.0
1673,Netherlands,54,260347.0
1674,Netherlands,55,255368.0
1675,Netherlands,56,250494.0
1676,Netherlands,57,247433.0
1677,Netherlands,58,240333.0
1678,Netherlands,59,237553.0
1679,Netherlands,60,230324.0
1680,Netherlands,61,224692.0
1681,Netherlands,62,220103.0
1682,Netherlands,63,213548.0
1683,Netherlands,64,209452.0
1684,Netherlands,65,204976.0
1685,Netherlands,66,204061.0
1686,Netherlands,67,195526.0
1687,Netherlands,68,194892.0
1688,Netherlands,69,195417.0
1689,Netherlands,70,199031.0
1690,Netherlands,71,206699.0
1691,Netherlands,72,210185.0
1692,Netherlands,73,148077.0
1693,Netherlands,74,151701.0
1694,Netherlands,75,140796.0
1695,Netherlands,76,126861.0
1696,Netherlands,77,117544.0
1697,Netherlands,78,116624.0
1698,Netherlands,79,108048.0
1699,Netherlands,80,101213.0
1700,Netherlands,81,90198.0
1701,Netherlands,82,84606.0
1702,Netherlands,83,77056.0
1703,Netherlands,84,70543.0
1704,Netherlands,85,63049.0
1705,Netherlands,86,58196.0
1706,Netherlands,87,50810.0
1707,Netherlands,88,44882.0
1708,Netherlands,89,37177.0
1709,Netherlands,90,31254.0
1710,Netherlands,91,25029.0
1711,Netherlands,92,20479.0
1712,Netherlands,93,15919.0
1713,Netherlands,94,12496.0
1714,Netherlands,95,9396.0
1715,Netherlands,96,6510.0
1716,Netherlands,97,4503.0
1717,Netherlands,98,2974.0
1718,Netherlands,99,1604.0
1719,Netherlands,100,2317.0
1721,Austria,16,86969.0
1722,Austria,17,84947.0
1723,Austria,18,88975.0
1724,Austria,19,90983.0
1725,Austria,20,96556.0
1726,Austria,21,102061.0
1727,Austria,22,109013.0
1728,Austria,23,111758.0
1729,Austria,24,117785.0
1730,Austria,25,122458.0
1731,Austria,26,125077.0
1732,Austria,27,127430.0
1733,Austria,28,125988.0
1734,Austria,29,125372.0
1735,Austria,30,125272.0
1736,Austria,31,123071.0
1737,Austria,32,122658.0
1738,Austria,33,122464.0
1739,Austria,34,123540.0
1740,Austria,35,122910.0
1741,Austria,36,125843.0
1742,Austria,37,124883.0
1743,Austria,38,121342.0
1744,Austria,39,115166.0
1745,Austria,40,112690.0
1746,Austria,41,111941.0
1747,Austria,42,112421.0
1748,Austria,43,116138.0
1749,Austria,44,118590.0
1750,Austria,45,118623.0
1751,Austria,46,125089.0
1752,Austria,47,129160.0
1753,Austria,48,132108.0
1754,Austria,49,139950.0
1755,Austria,50,143349.0
1756,Austria,51,142863.0
1757,Austria,52,142922.0
1758,Austria,53,143408.0
1759,Austria,54,144081.0
1760,Austria,55,142454.0
1761,Austria,56,138638.0
1762,Austria,57,134545.0
1763,Austria,58,128727.0
1764,Austria,59,123624.0
1765,Austria,60,117347.0
1766,Austria,61,114377.0
1767,Austria,62,111632.0
1768,Austria,63,103277.0
1769,Austria,64,97301.0
1770,Austria,65,93527.0
1771,Austria,66,91571.0
1772,Austria,67,86657.0
1773,Austria,68,88046.0
1774,Austria,69,87817.0
1775,Austria,70,89508.0
1776,Austria,71,89780.0
1777,Austria,72,74044.0
1778,Austria,73,59995.0
1779,Austria,74,76365.0
1780,Austria,75,74496.0
1781,Austria,76,72738.0
1782,Austria,77,81896.0
1783,Austria,78,85437.0
1784,Austria,79,79955.0
1785,Austria,80,52912.0
1786,Austria,81,45718.0
1787,Austria,82,42595.0
1788,Austria,83,39347.0
1789,Austria,84,36553.0
1790,Austria,85,34614.0
1791,Austria,86,32495.0
1792,Austria,87,29288.0
1793,Austria,88,26645.0
1794,Austria,89,22563.0
1795,Austria,90,19171.0
1796,Austria,91,15562.0
1797,Austria,92,13226.0
1798,Austria,93,10640.0
1799,Austria,94,8073.0
1800,Austria,95,6132.0
1801,Austria,96,4347.0
1802,Austria,97,2975.0
1803,Austria,98,1829.0
1804,Austria,99,898.0
1805,Austria,100,1005.0
1809,Poland,18,371365.0
1810,Poland,19,372761.0
1811,Poland,20,383425.0
1812,Poland,21,399712.0
1813,Poland,22,416917.0
1814,Poland,23,431309.0
1815,Poland,24,460620.0
1816,Poland,25,481340.0
1817,Poland,26,501323.0
1818,Poland,27,531594.0
1819,Poland,28,544088.0
1820,Poland,29,547467.0
1821,Poland,30,561559.0
1822,Poland,31,568456.0
1823,Poland,32,588840.0
1824,Poland,33,619605.0
1825,Poland,34,636191.0
1826,Poland,35,652466.0
1827,Poland,36,630481.0
1828,Poland,37,602591.0
1829,Poland,38,613513.0
1830,Poland,39,610313.0
1831,Poland,40,593920.0
1832,Poland,41,589838.0
1833,Poland,42,592572.0
1834,Poland,43,572230.0
1835,Poland,44,551361.0
1836,Poland,45,529641.0
1837,Poland,46,509916.0
1838,Poland,47,489529.0
1839,Poland,48,473956.0
1840,Poland,49,456424.0
1841,Poland,50,448156.0
1842,Poland,51,443190.0
1843,Poland,52,445081.0
1844,Poland,53,449659.0
1845,Poland,54,458726.0
1846,Poland,55,467511.0
1847,Poland,56,470338.0
1848,Poland,57,485983.0
1849,Poland,58,511744.0
1850,Poland,59,542797.0
1851,Poland,60,558741.0
1852,Poland,61,564246.0
1853,Poland,62,555377.0
1854,Poland,63,556289.0
1855,Poland,64,529883.0
1856,Poland,65,520736.0
1857,Poland,66,506486.0
1858,Poland,67,491649.0
1859,Poland,68,463029.0
1860,Poland,69,436268.0
1861,Poland,70,415797.0
1862,Poland,71,380517.0
1863,Poland,72,339018.0
1864,Poland,73,238270.0
1865,Poland,74,230472.0
1866,Poland,75,217751.0
1867,Poland,76,207452.0
1868,Poland,77,214164.0
1869,Poland,78,215450.0
1870,Poland,79,207300.0
1871,Poland,80,197634.0
1872,Poland,81,188505.0
1873,Poland,82,179043.0
1874,Poland,83,164182.0
1875,Poland,84,147506.0
1876,Poland,85,132107.0
1877,Poland,86,123325.0
1878,Poland,87,110115.0
1879,Poland,88,98053.0
1880,Poland,89,79027.0
1881,Poland,90,64446.0
1882,Poland,91,49273.0
1883,Poland,92,39184.0
1884,Poland,93,31714.0
1885,Poland,94,22231.0
1886,Poland,95,16752.0
1887,Poland,96,11676.0
1888,Poland,97,7206.0
1889,Poland,98,4746.0
1890,Poland,99,2909.0
1891,Poland,100,4756.0
1895,Portugal,18,116951.0
1896,Portugal,19,114535.0
1897,Portugal,20,111132.0
1898,Portugal,21,110381.0
1899,Portugal,22,109022.0
1900,Portugal,23,107579.0
1901,Portugal,24,106773.0
1902,Portugal,25,110649.0
1903,Portugal,26,111154.0
1904,Portugal,27,112314.0
1905,Portugal,28,111540.0
1906,Portugal,29,109813.0
1907,Portugal,30,110978.0
1908,Portugal,31,110656.0
1909,Portugal,32,112006.0
1910,Portugal,33,115095.0
1911,Portugal,34,123279.0
1912,Portugal,35,126226.0
1913,Portugal,36,133090.0
1914,Portugal,37,135240.0
1915,Portugal,38,142095.0
1916,Portugal,39,142747.0
1917,Portugal,40,147754.0
1918,Portugal,41,160634.0
1919,Portugal,42,164728.0
1920,Portugal,43,165212.0
1921,Portugal,44,162886.0
1922,Portugal,45,158369.0
1923,Portugal,46,158859.0
1924,Portugal,47,157611.0
1925,Portugal,48,152773.0
1926,Portugal,49,149254.0
1927,Portugal,50,148409.0
1928,Portugal,51,148542.0
1929,Portugal,52,150193.0
1930,Portugal,53,151178.0
1931,Portugal,54,152454.0
1932,Portugal,55,148629.0
1933,Portugal,56,148045.0
1934,Portugal,57,147130.0
1935,Portugal,58,145907.0
1936,Portugal,59,138994.0
1937,Portugal,60,138319.0
1938,Portugal,61,136264.0
1939,Portugal,62,131935.0
1940,Portugal,63,132787.0
1941,Portugal,64,128299.0
1942,Portugal,65,124773.0
1943,Portugal,66,126546.0
1944,Portugal,67,125428.0
1945,Portugal,68,122411.0
1946,Portugal,69,118516.0
1947,Portugal,70,119874.0
1948,Portugal,71,106517.0
1949,Portugal,72,105074.0
1950,Portugal,73,106949.0
1951,Portugal,74,98947.0
1952,Portugal,75,93397.0
1953,Portugal,76,85912.0
1954,Portugal,77,83009.0
1955,Portugal,78,82457.0
1956,Portugal,79,81090.0
1957,Portugal,80,78167.0
1958,Portugal,81,73223.0
1959,Portugal,82,72912.0
1960,Portugal,83,67783.0
1961,Portugal,84,59476.0
1962,Portugal,85,55012.0
1963,Portugal,86,49408.0
1964,Portugal,87,43345.0
1965,Portugal,88,37023.0
1966,Portugal,89,28031.0
1967,Portugal,90,23693.0
1968,Portugal,91,18770.0
1969,Portugal,92,15409.0
1970,Portugal,93,11718.0
1971,Portugal,94,8412.0
1972,Portugal,95,5924.0
1973,Portugal,96,4077.0
1974,Portugal,97,3629.0
1975,Portugal,98,2740.0
1976,Portugal,99,1472.0
1977,Portugal,100,3687.0
1981,Romania,18,216722.0
1982,Romania,19,214201.0
1983,Romania,20,213230.0
1984,Romania,21,208413.0
1985,Romania,22,202825.0
1986,Romania,23,205791.0
1987,Romania,24,212640.0
1988,Romania,25,204922.0
1989,Romania,26,207042.0
1990,Romania,27,211825.0
1991,Romania,28,237084.0
1992,Romania,29,273554.0
1993,Romania,30,279751.0
1994,Romania,31,281413.0
1995,Romania,32,275892.0
1996,Romania,33,263241.0
1997,Romania,34,258141.0
1998,Romania,35,236919.0
1999,Romania,36,252355.0
2000,Romania,37,278644.0
2001,Romania,38,292701.0
2002,Romania,39,299954.0
2003,Romania,40,303728.0
2004,Romania,41,312400.0
2005,Romania,42,308098.0
2006,Romania,43,310095.0
2007,Romania,44,316989.0
2008,Romania,45,280674.0
2009,Romania,46,286886.0
2010,Romania,47,292449.0
2011,Romania,48,310183.0
2012,Romania,49,335227.0
2013,Romania,50,375499.0
2014,Romania,51,380294.0
2015,Romania,52,196649.0
2016,Romania,53,200137.0
2017,Romania,54,203631.0
2018,Romania,55,205153.0
2019,Romania,56,207643.0
2020,Romania,57,221215.0
2021,Romania,58,235758.0
2022,Romania,59,244304.0
2023,Romania,60,256070.0
2024,Romania,61,264656.0
2025,Romania,62,274139.0
2026,Romania,63,282665.0
2027,Romania,64,265027.0
2028,Romania,65,245630.0
2029,Romania,66,245713.0
2030,Romania,67,239314.0
2031,Romania,68,239612.0
2032,Romania,69,242868.0
2033,Romania,70,196608.0
2034,Romania,71,175082.0
2035,Romania,72,174104.0
2036,Romania,73,136460.0
2037,Romania,74,151836.0
2038,Romania,75,130720.0
2039,Romania,76,129854.0
2040,Romania,77,130755.0
2041,Romania,78,131497.0
2042,Romania,79,133736.0
2043,Romania,80,125889.0
2044,Romania,81,116155.0
2045,Romania,82,108598.0
2046,Romania,83,90994.0
2047,Romania,84,82191.0
2048,Romania,85,69421.0
2049,Romania,86,67651.0
2050,Romania,87,51490.0
2051,Romania,88,44906.0
2052,Romania,89,35044.0
2053,Romania,90,29444.0
2054,Romania,91,22092.0
2055,Romania,92,16855.0
2056,Romania,93,12790.0
2057,Romania,94,9688.0
2058,Romania,95,6671.0
2059,Romania,96,4658.0
2060,Romania,97,3392.0
2061,Romania,98,1621.0
2062,Romania,99,1471.0
2063,Romania,100,1225.0
2067,Slovenia,18,19186.0
2068,Slovenia,19,18416.0
2069,Slovenia,20,19012.0
2070,Slovenia,21,19423.0
2071,Slovenia,22,20256.0
2072,Slovenia,23,20328.0
2073,Slovenia,24,20938.0
2074,Slovenia,25,21227.0
2075,Slovenia,26,21439.0
2076,Slovenia,27,22955.0
2077,Slovenia,28,23614.0
2078,Slovenia,29,24740.0
2079,Slovenia,30,26826.0
2080,Slovenia,31,27319.0
2081,Slovenia,32,26772.0
2082,Slovenia,33,27738.0
2083,Slovenia,34,28171.0
2084,Slovenia,35,28789.0
2085,Slovenia,36,29835.0
2086,Slovenia,37,30900.0
2087,Slovenia,38,31429.0
2088,Slovenia,39,31757.0
2089,Slovenia,40,31547.0
2090,Slovenia,41,31026.0
2091,Slovenia,42,31569.0
2092,Slovenia,43,30776.0
2093,Slovenia,44,30018.0
2094,Slovenia,45,30039.0
2095,Slovenia,46,29821.0
2096,Slovenia,47,29141.0
2097,Slovenia,48,28110.0
2098,Slovenia,49,28846.0
2099,Slovenia,50,29485.0
2100,Slovenia,51,30464.0
2101,Slovenia,52,31556.0
2102,Slovenia,53,31523.0
2103,Slovenia,54,30447.0
2104,Slovenia,55,30295.0
2105,Slovenia,56,30167.0
2106,Slovenia,57,30229.0
2107,Slovenia,58,29484.0
2108,Slovenia,59,29015.0
2109,Slovenia,60,28652.0
2110,Slovenia,61,29013.0
2111,Slovenia,62,29791.0
2112,Slovenia,63,29243.0
2113,Slovenia,64,28415.0
2114,Slovenia,65,28401.0
2115,Slovenia,66,27518.0
2116,Slovenia,67,25791.0
2117,Slovenia,68,25988.0
2118,Slovenia,69,23421.0
2119,Slovenia,70,21916.0
2120,Slovenia,71,20858.0
2121,Slovenia,72,18659.0
2122,Slovenia,73,13344.0
2123,Slovenia,74,16051.0
2124,Slovenia,75,17528.0
2125,Slovenia,76,17165.0
2126,Slovenia,77,15719.0
2127,Slovenia,78,15249.0
2128,Slovenia,79,14453.0
2129,Slovenia,80,13368.0
2130,Slovenia,81,12455.0
2131,Slovenia,82,12014.0
2132,Slovenia,83,10875.0
2133,Slovenia,84,9927.0
2134,Slovenia,85,8965.0
2135,Slovenia,86,8284.0
2136,Slovenia,87,7070.0
2137,Slovenia,88,6493.0
2138,Slovenia,89,5001.0
2139,Slovenia,90,4254.0
2140,Slovenia,91,3444.0
2141,Slovenia,92,2642.0
2142,Slovenia,93,2086.0
2143,Slovenia,94,1463.0
2144,Slovenia,95,1104.0
2145,Slovenia,96,762.0
2146,Slovenia,97,487.0
2147,Slovenia,98,291.0
2148,Slovenia,99,171.0
2149,Slovenia,100,180.0
2153,Slovakia,18,55338.0
2154,Slovakia,19,56366.0
2155,Slovakia,20,57394.0
2156,Slovakia,21,59271.0
2157,Slovakia,22,60543.0
2158,Slovakia,23,61949.0
2159,Slovakia,24,66809.0
2160,Slovakia,25,73336.0
2161,Slovakia,26,74491.0
2162,Slovakia,27,77900.0
2163,Slovakia,28,79227.0
2164,Slovakia,29,79096.0
2165,Slovakia,30,81435.0
2166,Slovakia,31,82124.0
2167,Slovakia,32,84279.0
2168,Slovakia,33,87151.0
2169,Slovakia,34,87103.0
2170,Slovakia,35,87325.0
2171,Slovakia,36,87543.0
2172,Slovakia,37,87661.0
2173,Slovakia,38,88617.0
2174,Slovakia,39,92963.0
2175,Slovakia,40,92170.0
2176,Slovakia,41,91665.0
2177,Slovakia,42,91304.0
2178,Slovakia,43,89242.0
2179,Slovakia,44,89104.0
2180,Slovakia,45,84358.0
2181,Slovakia,46,79370.0
2182,Slovakia,47,74774.0
2183,Slovakia,48,72422.0
2184,Slovakia,49,71074.0
2185,Slovakia,50,67497.0
2186,Slovakia,51,67987.0
2187,Slovakia,52,70221.0
2188,Slovakia,53,72205.0
2189,Slovakia,54,74453.0
2190,Slovakia,55,73144.0
2191,Slovakia,56,69974.0
2192,Slovakia,57,71943.0
2193,Slovakia,58,71445.0
2194,Slovakia,59,70027.0
2195,Slovakia,60,72452.0
2196,Slovakia,61,73910.0
2197,Slovakia,62,74733.0
2198,Slovakia,63,73566.0
2199,Slovakia,64,71068.0
2200,Slovakia,65,69184.0
2201,Slovakia,66,68322.0
2202,Slovakia,67,66051.0
2203,Slovakia,68,61659.0
2204,Slovakia,69,55475.0
2205,Slovakia,70,53279.0
2206,Slovakia,71,49894.0
2207,Slovakia,72,41879.0
2208,Slovakia,73,37812.0
2209,Slovakia,74,38185.0
2210,Slovakia,75,34494.0
2211,Slovakia,76,33007.0
2212,Slovakia,77,31476.0
2213,Slovakia,78,29555.0
2214,Slovakia,79,26145.0
2215,Slovakia,80,23504.0
2216,Slovakia,81,21168.0
2217,Slovakia,82,19344.0
2218,Slovakia,83,18053.0
2219,Slovakia,84,16038.0
2220,Slovakia,85,14443.0
2221,Slovakia,86,13231.0
2222,Slovakia,87,11242.0
2223,Slovakia,88,9440.0
2224,Slovakia,89,7637.0
2225,Slovakia,90,6023.0
2226,Slovakia,91,4761.0
2227,Slovakia,92,3713.0
2228,Slovakia,93,2820.0
2229,Slovakia,94,2220.0
2230,Slovakia,95,1722.0
2231,Slovakia,96,1288.0
2232,Slovakia,97,913.0
2233,Slovakia,98,547.0
2234,Slovakia,99,403.0
2235,Slovakia,100,655.0
2239,Finland,18,59387.0
2240,Finland,19,60113.0
2241,Finland,20,59495.0
2242,Finland,21,61827.0
2243,Finland,22,63665.0
2244,Finland,23,66456.0
2245,Finland,24,68964.0
2246,Finland,25,69172.0
2247,Finland,26,71839.0
2248,Finland,27,71180.0
2249,Finland,28,71996.0
2250,Finland,29,70458.0
2251,Finland,30,70895.0
2252,Finland,31,67697.0
2253,Finland,32,68591.0
2254,Finland,33,70662.0
2255,Finland,34,72760.0
2256,Finland,35,74225.0
2257,Finland,36,73410.0
2258,Finland,37,70353.0
2259,Finland,38,69735.0
2260,Finland,39,69249.0
2261,Finland,40,69390.0
2262,Finland,41,69985.0
2263,Finland,42,70181.0
2264,Finland,43,68745.0
2265,Finland,44,65585.0
2266,Finland,45,59739.0
2267,Finland,46,61637.0
2268,Finland,47,63511.0
2269,Finland,48,65443.0
2270,Finland,49,66688.0
2271,Finland,50,71246.0
2272,Finland,51,72997.0
2273,Finland,52,73387.0
2274,Finland,53,73519.0
2275,Finland,54,74790.0
2276,Finland,55,75334.0
2277,Finland,56,74264.0
2278,Finland,57,73680.0
2279,Finland,58,73071.0
2280,Finland,59,72494.0
2281,Finland,60,69944.0
2282,Finland,61,72713.0
2283,Finland,62,74284.0
2284,Finland,63,73270.0
2285,Finland,64,72986.0
2286,Finland,65,71673.0
2287,Finland,66,73691.0
2288,Finland,67,70631.0
2289,Finland,68,72734.0
2290,Finland,69,74270.0
2291,Finland,70,74854.0
2292,Finland,71,73676.0
2293,Finland,72,70890.0
2294,Finland,73,62332.0
2295,Finland,74,49171.0
2296,Finland,75,46043.0
2297,Finland,76,36162.0
2298,Finland,77,51383.0
2299,Finland,78,35533.0
2300,Finland,79,39971.0
2301,Finland,80,37255.0
2302,Finland,81,33536.0
2303,Finland,82,30224.0
2304,Finland,83,28595.0
2305,Finland,84,25422.0
2306,Finland,85,22250.0
2307,Finland,86,21393.0
2308,Finland,87,19616.0
2309,Finland,88,17810.0
2310,Finland,89,15100.0
2311,Finland,90,12698.0
2312,Finland,91,9995.0
2313,Finland,92,8004.0
2314,Finland,93,6441.0
2315,Finland,94,4672.0
2316,Finland,95,3535.0
2317,Finland,96,2399.0
2318,Finland,97,1673.0
2319,Finland,98,1078.0
2320,Finland,99,538.0
2321,Finland,100,917.0
2325,Sweden,18,108747.0
2326,Sweden,19,106497.0
2327,Sweden,20,108007.0
2328,Sweden,21,109312.0
2329,Sweden,22,115128.0
2330,Sweden,23,123996.0
2331,Sweden,24,133955.0
2332,Sweden,25,140250.0
2333,Sweden,26,147017.0
2334,Sweden,27,150469.0
2335,Sweden,28,152672.0
2336,Sweden,29,146107.0
2337,Sweden,30,144101.0
2338,Sweden,31,137875.0
2339,Sweden,32,136622.0
2340,Sweden,33,133872.0
2341,Sweden,34,129779.0
2342,Sweden,35,127049.0
2343,Sweden,36,127426.0
2344,Sweden,37,126036.0
2345,Sweden,38,129391.0
2346,Sweden,39,125919.0
2347,Sweden,40,121973.0
2348,Sweden,41,123445.0
2349,Sweden,42,124709.0
2350,Sweden,43,129162.0
2351,Sweden,44,134207.0
2352,Sweden,45,132032.0
2353,Sweden,46,133762.0
2354,Sweden,47,133306.0
2355,Sweden,48,129768.0
2356,Sweden,49,127288.0
2357,Sweden,50,132366.0
2358,Sweden,51,138272.0
2359,Sweden,52,139052.0
2360,Sweden,53,138828.0
2361,Sweden,54,137886.0
2362,Sweden,55,128136.0
2363,Sweden,56,121860.0
2364,Sweden,57,117510.0
2365,Sweden,58,115634.0
2366,Sweden,59,115438.0
2367,Sweden,60,114432.0
2368,Sweden,61,115059.0
2369,Sweden,62,114624.0
2370,Sweden,63,112086.0
2371,Sweden,64,109111.0
2372,Sweden,65,110903.0
2373,Sweden,66,109058.0
2374,Sweden,67,106901.0
2375,Sweden,68,110535.0
2376,Sweden,69,113251.0
2377,Sweden,70,115685.0
2378,Sweden,71,115111.0
2379,Sweden,72,114685.0
2380,Sweden,73,111744.0
2381,Sweden,74,107712.0
2382,Sweden,75,98571.0
2383,Sweden,76,88352.0
2384,Sweden,77,76118.0
2385,Sweden,78,70376.0
2386,Sweden,79,68097.0
2387,Sweden,80,62844.0
2388,Sweden,81,56994.0
2389,Sweden,82,52584.0
2390,Sweden,83,47252.0
2391,Sweden,84,42797.0
2392,Sweden,85,38901.0
2393,Sweden,86,36651.0
2394,Sweden,87,32919.0
2395,Sweden,88,29834.0
2396,Sweden,89,25093.0
2397,Sweden,90,22272.0
2398,Sweden,91,18183.0
2399,Sweden,92,15242.0
2400,Sweden,93,12455.0
2401,Sweden,94,9633.0
2402,Sweden,95,7333.0
2403,Sweden,96,5235.0
2404,Sweden,97,3940.0
2405,Sweden,98,2775.0
2406,Sweden,99,1454.0
2407,Sweden,100,2162.0
2411,United Kingdom,18,737721.0
2412,United Kingdom,19,779247.0
2413,United Kingdom,20,820567.0
2414,United Kingdom,21,857201.0
2415,United Kingdom,22,879626.0
2416,United Kingdom,23,884221.0
2417,United Kingdom,24,896602.0
2418,United Kingdom,25,906798.0
2419,United Kingdom,26,921551.0
2420,United Kingdom,27,947037.0
2421,United Kingdom,28,946642.0
2422,United Kingdom,29,928605.0
2423,United Kingdom,30,923151.0
2424,United Kingdom,31,913271.0
2425,United Kingdom,32,902952.0
2426,United Kingdom,33,904657.0
2427,United Kingdom,34,892148.0
2428,United Kingdom,35,882261.0
2429,United Kingdom,36,883644.0
2430,United Kingdom,37,884865.0
2431,United Kingdom,38,886596.0
2432,United Kingdom,39,866856.0
2433,United Kingdom,40,819068.0
2434,United Kingdom,41,783794.0
2435,United Kingdom,42,784347.0
2436,United Kingdom,43,798512.0
2437,United Kingdom,44,812096.0
2438,United Kingdom,45,836404.0
2439,United Kingdom,46,872478.0
2440,United Kingdom,47,904925.0
2441,United Kingdom,48,908309.0
2442,United Kingdom,49,908790.0
2443,United Kingdom,50,919858.0
2444,United Kingdom,51,925655.0
2445,United Kingdom,52,931011.0
2446,United Kingdom,53,934021.0
2447,United Kingdom,54,932441.0
2448,United Kingdom,55,917318.0
2449,United Kingdom,56,896977.0
2450,United Kingdom,57,871207.0
2451,United Kingdom,58,838071.0
2452,United Kingdom,59,810903.0
2453,United Kingdom,60,791505.0
2454,United Kingdom,61,766612.0
2455,United Kingdom,62,737336.0
2456,United Kingdom,63,708858.0
2457,United Kingdom,64,694433.0
2458,United Kingdom,65,688695.0
2459,United Kingdom,66,672489.0
2460,United Kingdom,67,663141.0
2461,United Kingdom,68,669571.0
2462,United Kingdom,69,681026.0
2463,United Kingdom,70,703447.0
2464,United Kingdom,71,746245.0
2465,United Kingdom,72,681945.0
2466,United Kingdom,73,581100.0
2467,United Kingdom,74,565746.0
2468,United Kingdom,75,540130.0
2469,United Kingdom,76,488274.0
2470,United Kingdom,77,433095.0
2471,United Kingdom,78,411831.0
2472,United Kingdom,79,409263.0
2473,United Kingdom,80,393288.0
2474,United Kingdom,81,368584.0
2475,United Kingdom,82,340526.0
2476,United Kingdom,83,313356.0
2477,United Kingdom,84,283056.0
2478,United Kingdom,85,254368.0
2479,United Kingdom,86,232623.0
2480,United Kingdom,87,210910.0
2481,United Kingdom,88,185872.0
2482,United Kingdom,89,158750.0
2483,United Kingdom,90,132189.0
2484,United Kingdom,91,109739.0
2485,United Kingdom,92,90482.0
2486,United Kingdom,93,72531.0
2487,United Kingdom,94,57405.0
2488,United Kingdom,95,44657.0
2489,United Kingdom,96,34324.0
2490,United Kingdom,97,25398.0
2491,United Kingdom,98,16642.0
2492,United Kingdom,99,9125.0
2493,United Kingdom,100,16165.0
